specialty,search_name,ccaa,province,city,center,total_places,last_year,last_year_order_max,last_year_orders
NEUROFISIOLOGIA CLINICA,Neurofisiología,GALICIA,A CORUÑA,A CORUÑA,C.H. UNIVERSITARIO A CORUÑA,1,2025,7379,[7379]
NEUROFISIOLOGIA CLINICA,Neurofisiología,GALICIA,A CORUÑA,SANTIAGO DE COMPOSTELA,C.H. UNIVERSITARIO DE SANTIAGO DE COMPOSTELA,1,2025,7152,[7152]
NEUROFISIOLOGIA CLINICA,Neurofisiología,CASTILLA LA MANCHA,ALBACETE,ALBACETE,ÁREA ESPECIALIZADA DE ALBACETE,1,2024,7422,[7422]
NEUROFISIOLOGIA CLINICA,Neurofisiología,COMUNIDAD VALENCIANA,ALICANTE / ALACANT,ALICANTE / ALACANT,H. GENERAL UNIVERSITARIO DE ALICANTE,1,2025,5697,"[3607, 5697]"
NEUROFISIOLOGIA CLINICA,Neurofisiología,ASTURIAS,ASTURIAS,OVIEDO,H. UNIVERSITARIO CENTRAL DE ASTURIAS,2,2025,8060,"[7957, 8060]"
NEUROFISIOLOGIA CLINICA,Neurofisiología,EXTREMADURA,BADAJOZ,BADAJOZ,C.H. UNIVERSITARIO DE BADAJOZ,1,2025,7627,[7627]
NEUROFISIOLOGIA CLINICA,Neurofisiología,CATALUÑA,BARCELONA,BARCELONA,H. UNIVERSITARI VALL D´HEBRON,2,2025,5101,"[4799, 5101]"
NEUROFISIOLOGIA CLINICA,Neurofisiología,CATALUÑA,BARCELONA,BARCELONA,H. DEL MAR - PARC DE SALUT MAR,1,2025,7422,[7422]
NEUROFISIOLOGIA CLINICA,Neurofisiología,CATALUÑA,BARCELONA,HOSPITALET DE LLOBREGAT,H. UNIVERSITARI DE BELLVITGE,1,2025,7687,[7687]
NEUROFISIOLOGIA CLINICA,Neurofisiología,CASTILLA Y LEÓN,BURGOS,BURGOS,COMPLEJO ASISTENCIAL UNIVERSITARIO DE BURGOS,2,2025,7310,[7310]
NEUROFISIOLOGIA CLINICA,Neurofisiología,CANTABRIA,CANTABRIA,SANTANDER,H. UNIVERSITARIO MARQUÉS DE VALDECILLA,1,2025,7545,"[5647, 7545]"
NEUROFISIOLOGIA CLINICA,Neurofisiología,COMUNIDAD VALENCIANA,CASTELLÓN DE LA PLANA / CASTELLÓ DE LA PLANA,CASTELLÓN DE LA PLANA / CASTELLÓ DE LA PLANA,H. GENERAL UNIVERSITARIO DE CASTELLÓN,1,2025,5706,[5706]
NEUROFISIOLOGIA CLINICA,Neurofisiología,ANDALUCÍA,CÓRDOBA,CÓRDOBA,H. UNIVERSITARIO REINA SOFÍA,1,2025,7376,[7376]
NEUROFISIOLOGIA CLINICA,Neurofisiología,CATALUÑA,GIRONA,GIRONA,H. UNIVERSITARI DE GIRONA DOCTOR JOSEP TRUETA,1,2024,7498,[7498]
NEUROFISIOLOGIA CLINICA,Neurofisiología,ANDALUCÍA,GRANADA,GRANADA,H. UNIVERSITARIO VIRGEN DE LAS NIEVES,1,2025,7459,[7459]
NEUROFISIOLOGIA CLINICA,Neurofisiología,CANARIAS,LAS PALMAS,LAS PALMAS DE GRAN CANARIA,C.H. DOCTOR NEGRÍN,1,2025,6900,[6900]
NEUROFISIOLOGIA CLINICA,Neurofisiología,CASTILLA Y LEÓN,LEÓN,LEÓN,COMPLEJO ASISTENCIAL UNIVERSITARIO DE LEÓN,1,2025,7194,[7194]
NEUROFISIOLOGIA CLINICA,Neurofisiología,COMUNIDAD DE MADRID,MADRID,GETAFE,H. UNIVERSITARIO DE GETAFE,1,2025,7147,[7147]
NEUROFISIOLOGIA CLINICA,Neurofisiología,COMUNIDAD DE MADRID,MADRID,MADRID,H. UNIVERSITARIO LA PAZ,1,2025,2923,[2923]
NEUROFISIOLOGIA CLINICA,Neurofisiología,COMUNIDAD DE MADRID,MADRID,MADRID,H. GENERAL UNIVERSITARIO GREGORIO MARAÑÓN,2,2025,5753,"[1091, 5753]"
NEUROFISIOLOGIA CLINICA,Neurofisiología,COMUNIDAD DE MADRID,MADRID,MADRID,H. UNIVERSITARIO RAMÓN Y CAJAL,2,2025,6509,"[6158, 6509]"
NEUROFISIOLOGIA CLINICA,Neurofisiología,COMUNIDAD DE MADRID,MADRID,MADRID,H. UNIVERSITARIO CLÍNICO SAN CARLOS,2,2025,6568,"[6222, 6568]"
NEUROFISIOLOGIA CLINICA,Neurofisiología,COMUNIDAD DE MADRID,MADRID,MADRID,H. UNIVERSITARIO DE LA PRINCESA,2,2025,7065,"[6646, 7065]"
NEUROFISIOLOGIA CLINICA,Neurofisiología,COMUNIDAD DE MADRID,MADRID,MADRID,H. CENTRAL DE LA DEFENSA GÓMEZ ULLA,1,2025,7169,[7169]
NEUROFISIOLOGIA CLINICA,Neurofisiología,COMUNIDAD DE MADRID,MADRID,MADRID,H. UNIVERSITARIO FUNDACIÓN JIMÉNEZ DÍAZ,1,,,[]
NEUROFISIOLOGIA CLINICA,Neurofisiología,COMUNIDAD DE MADRID,MADRID,MAJADAHONDA,H. UNIVERSITARIO PUERTA DE HIERRO,1,2025,7060,[7060]
NEUROFISIOLOGIA CLINICA,Neurofisiología,COMUNIDAD DE MADRID,MADRID,MÓSTOLES,H. UNIVERSITARIO REY JUAN CARLOS,1,2025,6876,[6876]
NEUROFISIOLOGIA CLINICA,Neurofisiología,COMUNIDAD DE MADRID,MADRID,MÓSTOLES,H. UNIVERSITARIO DE MÓSTOLES,1,2025,7269,[7269]
NEUROFISIOLOGIA CLINICA,Neurofisiología,COMUNIDAD DE MADRID,MADRID,VALDEMORO,H. UNIVERSITARIO INFANTA ELENA,1,2025,7958,[7958]
NEUROFISIOLOGIA CLINICA,Neurofisiología,MURCIA,MURCIA,MURCIA,H. GENERAL UNIVERSITARIO REINA SOFÍA DE MURCIA,1,2025,675,[675]
NEUROFISIOLOGIA CLINICA,Neurofisiología,MURCIA,MURCIA,MURCIA,H. CLÍNICO UNIVERSITARIO VIRGEN DE LA ARRIXACA DE MURCIA,1,2025,2956,[2956]
NEUROFISIOLOGIA CLINICA,Neurofisiología,ANDALUCÍA,MÁLAGA,MÁLAGA,H. REGIONAL UNIVERSITARIO DE MÁLAGA,2,2025,6847,"[6836, 6847]"
NEUROFISIOLOGIA CLINICA,Neurofisiología,NAVARRA,NAVARRA,PAMPLONA / IRUÑA,CLÍNICA UNIVERSIDAD DE NAVARRA,1,2024,7804,[7804]
NEUROFISIOLOGIA CLINICA,Neurofisiología,GALICIA,PONTEVEDRA,VIGO,C.H. UNIVERSITARIO DE VIGO - EOXI VIGO,1,2025,4380,[4380]
NEUROFISIOLOGIA CLINICA,Neurofisiología,CASTILLA Y LEÓN,SALAMANCA,SALAMANCA,COMPLEJO ASISTENCIAL UNIVERSITARIO DE SALAMANCA,1,2025,7716,[7716]
NEUROFISIOLOGIA CLINICA,Neurofisiología,CANARIAS,SANTA CRUZ DE TENERIFE,SANTA CRUZ DE TENERIFE,H. UNIVERSITARIO NUESTRA SEÑORA DE LA CANDELARIA,1,2025,8143,[8143]
NEUROFISIOLOGIA CLINICA,Neurofisiología,ANDALUCÍA,SEVILLA,SEVILLA,H. UNIVERSITARIO VIRGEN DEL ROCÍO,2,2025,6284,"[5348, 6284]"
NEUROFISIOLOGIA CLINICA,Neurofisiología,ANDALUCÍA,SEVILLA,SEVILLA,H. UNIVERSITARIO VIRGEN MACARENA,2,2025,7150,"[6461, 7150]"
NEUROFISIOLOGIA CLINICA,Neurofisiología,CATALUÑA,TARRAGONA,REUS,H. UNIVERSITARI SANT JOAN DE REUS,1,,,[]
NEUROFISIOLOGIA CLINICA,Neurofisiología,CASTILLA LA MANCHA,TOLEDO,TOLEDO,C.H. UNIVERSITARIO DE TOLEDO,1,2025,8058,[8058]
NEUROFISIOLOGIA CLINICA,Neurofisiología,COMUNIDAD VALENCIANA,VALENCIA,ALZIRA,H. UNIVERSITARIO LA RIBERA,1,2024,7023,[7023]
NEUROFISIOLOGIA CLINICA,Neurofisiología,COMUNIDAD VALENCIANA,VALENCIA,MANISES,H. DE MANISES,1,2025,6685,[6685]
NEUROFISIOLOGIA CLINICA,Neurofisiología,COMUNIDAD VALENCIANA,VALENCIA,VALENCIA,H. CLÍNICO UNIVERSITARIO DE VALENCIA,1,2025,4837,[4837]
NEUROFISIOLOGIA CLINICA,Neurofisiología,COMUNIDAD VALENCIANA,VALENCIA,VALENCIA,H. UNIVERSITARIO DOCTOR PESET,1,2025,6483,[6483]
NEUROFISIOLOGIA CLINICA,Neurofisiología,COMUNIDAD VALENCIANA,VALENCIA,VALENCIA,H. UNIVERSITARI I POLITECNIC LA FE,1,2025,6553,[6553]
NEUROFISIOLOGIA CLINICA,Neurofisiología,COMUNIDAD VALENCIANA,VALENCIA,VALENCIA,H. GENERAL UNIVERSITARIO DE VALENCIA,1,,,[]
NEUROFISIOLOGIA CLINICA,Neurofisiología,CASTILLA Y LEÓN,VALLADOLID,VALLADOLID,H. CLÍNICO UNIVERSITARIO DE VALLADOLID,1,2025,7534,[7534]
NEUROFISIOLOGIA CLINICA,Neurofisiología,CASTILLA Y LEÓN,VALLADOLID,VALLADOLID,H. UNIVERSITARIO DEL RÍO HORTEGA,1,2025,8056,[8056]
NEUROFISIOLOGIA CLINICA,Neurofisiología,PAÍS VASCO,VIZCAYA,BARAKALDO,H. UNIVERSITARIO CRUCES,2,2025,7827,"[6216, 7827]"
NEUROFISIOLOGIA CLINICA,Neurofisiología,ARAGÓN,ZARAGOZA,ZARAGOZA,H. CLÍNICO UNIVERSITARIO LOZANO BLESA,1,2024,6695,[6695]
NEUROFISIOLOGIA CLINICA,Neurofisiología,ARAGÓN,ZARAGOZA,ZARAGOZA,H. UNIVERSITARIO MIGUEL SERVET,1,2025,7742,"[7267, 7742]"
NEUROFISIOLOGIA CLINICA,Neurofisiología,PAÍS VASCO,ÁLAVA,VITORIA - GASTEIZ,H. UNIVERSITARIO ARABA,1,2025,7912,[7912]
NEUROLOGIA,Neurología,GALICIA,A CORUÑA,A CORUÑA,C.H. UNIVERSITARIO A CORUÑA,2,2025,1017,"[333, 1017]"
NEUROLOGIA,Neurología,GALICIA,A CORUÑA,FERROL,C.H. UNIVERSITARIO DE FERROL,1,2025,4307,[4307]
NEUROLOGIA,Neurología,GALICIA,A CORUÑA,SANTIAGO DE COMPOSTELA,C.H. UNIVERSITARIO DE SANTIAGO DE COMPOSTELA,3,2025,1783,"[33, 1056, 1783]"
NEUROLOGIA,Neurología,CASTILLA LA MANCHA,ALBACETE,ALBACETE,ÁREA ESPECIALIZADA DE ALBACETE,2,2025,805,[805]
NEUROLOGIA,Neurología,COMUNIDAD VALENCIANA,ALICANTE / ALACANT,ALICANTE / ALACANT,H. GENERAL UNIVERSITARIO DE ALICANTE,3,2025,3555,"[247, 2032, 3555]"
NEUROLOGIA,Neurología,COMUNIDAD VALENCIANA,ALICANTE / ALACANT,ELCHE / ELX,H. GENERAL UNIVERSITARIO DE ELCHE,2,2025,4140,"[473, 4140]"
NEUROLOGIA,Neurología,ANDALUCÍA,ALMERÍA,ALMERÍA,C.H. TORRECÁRDENAS,3,2025,4815,"[4673, 4725, 4815]"
NEUROLOGIA,Neurología,ASTURIAS,ASTURIAS,GIJÓN,H. UNIVERSITARIO DE CABUEÑES,2,2025,4282,"[2096, 4282]"
NEUROLOGIA,Neurología,ASTURIAS,ASTURIAS,OVIEDO,H. UNIVERSITARIO CENTRAL DE ASTURIAS,2,2025,603,"[290, 603]"
NEUROLOGIA,Neurología,EXTREMADURA,BADAJOZ,BADAJOZ,C.H. UNIVERSITARIO DE BADAJOZ,2,2025,3749,"[2457, 3749]"
NEUROLOGIA,Neurología,CATALUÑA,BARCELONA,BADALONA,H. UNIVERSITARI GERMANS TRIAS I PUJOL,3,2025,3343,"[2674, 3058, 3343]"
NEUROLOGIA,Neurología,CATALUÑA,BARCELONA,BARCELONA,H. CLINIC DE BARCELONA,4,2025,1126,"[455, 633, 960, 1126]"
NEUROLOGIA,Neurología,CATALUÑA,BARCELONA,BARCELONA,H. UNIVERSITARI VALL D´HEBRON,4,2025,2067,"[862, 931, 1570, 2067]"
NEUROLOGIA,Neurología,CATALUÑA,BARCELONA,BARCELONA,H. DE LA SANTA CREU I SANT PAU,4,2025,2119,"[959, 1546, 2094, 2119]"
NEUROLOGIA,Neurología,CATALUÑA,BARCELONA,BARCELONA,H. DEL MAR - PARC DE SALUT MAR,2,2025,2721,"[2679, 2721]"
NEUROLOGIA,Neurología,CATALUÑA,BARCELONA,HOSPITALET DE LLOBREGAT,H. UNIVERSITARI DE BELLVITGE,3,2025,3262,"[2741, 3138, 3262]"
NEUROLOGIA,Neurología,CATALUÑA,BARCELONA,HOSPITALET DE LLOBREGAT,CONSORCI SANITARI INTEGRAL,1,,,[]
NEUROLOGIA,Neurología,CATALUÑA,BARCELONA,SABADELL,CORPORACIÓ SANITÀRIA PARC TAULÍ,2,2025,3463,[3463]
NEUROLOGIA,Neurología,CASTILLA Y LEÓN,BURGOS,BURGOS,COMPLEJO ASISTENCIAL UNIVERSITARIO DE BURGOS,2,2025,3630,"[3088, 3630]"
NEUROLOGIA,Neurología,CANTABRIA,CANTABRIA,SANTANDER,H. UNIVERSITARIO MARQUÉS DE VALDECILLA,3,2025,1309,"[517, 1240, 1309]"
NEUROLOGIA,Neurología,COMUNIDAD VALENCIANA,CASTELLÓN DE LA PLANA / CASTELLÓ DE LA PLANA,CASTELLÓN DE LA PLANA / CASTELLÓ DE LA PLANA,H. GENERAL UNIVERSITARIO DE CASTELLÓN,2,2025,4311,"[2642, 4311]"
NEUROLOGIA,Neurología,CASTILLA LA MANCHA,CIUDAD REAL,ALCÁZAR DE SAN JUAN,H. GENERAL LA MANCHA CENTRO,1,2025,5309,[5309]
NEUROLOGIA,Neurología,CASTILLA LA MANCHA,CIUDAD REAL,CIUDAD REAL,H. GENERAL UNIVERSITARIO DE CIUDAD REAL,2,2025,5631,"[5385, 5631]"
NEUROLOGIA,Neurología,EXTREMADURA,CÁCERES,CÁCERES,C.H. UNIVERSITARIO DE CÁCERES,1,2025,4078,[4078]
NEUROLOGIA,Neurología,ANDALUCÍA,CÁDIZ,CÁDIZ,H. UNIVERSITARIO PUERTA DEL MAR,2,2025,4019,"[2542, 4019]"
NEUROLOGIA,Neurología,ANDALUCÍA,CÁDIZ,JEREZ DE LA FRONTERA,H. DE JEREZ DE LA FRONTERA,1,2025,5628,[5628]
NEUROLOGIA,Neurología,ANDALUCÍA,CÓRDOBA,CÓRDOBA,H. UNIVERSITARIO REINA SOFÍA,3,2025,4402,"[2860, 3901, 4402]"
NEUROLOGIA,Neurología,CATALUÑA,GIRONA,GIRONA,H. UNIVERSITARI DE GIRONA DOCTOR JOSEP TRUETA,2,2025,3974,"[2647, 3974]"
NEUROLOGIA,Neurología,ANDALUCÍA,GRANADA,GRANADA,H. UNIVERSITARIO VIRGEN DE LAS NIEVES,3,2025,3008,"[643, 1697, 3008]"
NEUROLOGIA,Neurología,ANDALUCÍA,GRANADA,GRANADA,H. UNIVERSITARIO SAN CECILIO,2,2025,4202,"[2448, 4202]"
NEUROLOGIA,Neurología,CASTILLA LA MANCHA,GUADALAJARA,GUADALAJARA,H. GENERAL UNIVERSITARIO DE GUADALAJARA,1,2025,5282,[5282]
NEUROLOGIA,Neurología,PAÍS VASCO,GUIPÚZCOA,DONOSTIA - SAN SEBASTIÁN,H. UNIVERSITARIO DONOSTIA,2,2025,4648,"[4125, 4648]"
NEUROLOGIA,Neurología,ANDALUCÍA,HUELVA,HUELVA,H. JUAN RAMÓN JIMÉNEZ,2,2025,5669,"[1005, 5669]"
NEUROLOGIA,Neurología,ILLES BALEARES,ILLES BALEARES,PALMA DE MALLORCA,H. UNIVERSITARIO SON ESPASES,3,2025,5054,"[4516, 4858, 5054]"
NEUROLOGIA,Neurología,ILLES BALEARES,ILLES BALEARES,PALMA DE MALLORCA,H. UNIVERSITARIO SON LLÀTZER,2,2025,5112,[5112]
NEUROLOGIA,Neurología,ANDALUCÍA,JAÉN,JAÉN,H. UNIVERSITARIO DE JAÉN,1,2025,5802,[5802]
NEUROLOGIA,Neurología,LA RIOJA,LA RIOJA,LOGROÑO,H. DE SAN PEDRO,1,2025,4956,[4956]
NEUROLOGIA,Neurología,CANARIAS,LAS PALMAS,LAS PALMAS DE GRAN CANARIA,C.H. UNIVERSITARIO INSULAR MATERNO - INFANTIL DE LAS PALMAS DE GRAN CANARIA,2,2025,4246,"[3993, 4246]"
NEUROLOGIA,Neurología,CANARIAS,LAS PALMAS,LAS PALMAS DE GRAN CANARIA,C.H. DOCTOR NEGRÍN,2,2025,5001,"[4582, 5001]"
NEUROLOGIA,Neurología,CASTILLA Y LEÓN,LEÓN,LEÓN,COMPLEJO ASISTENCIAL UNIVERSITARIO DE LEÓN,2,2025,2618,"[2471, 2618]"
NEUROLOGIA,Neurología,CATALUÑA,LLEIDA,LLEIDA,H. UNIVERSITARI ARNAU DE VILANOVA DE LLEIDA,1,2025,5370,[5370]
NEUROLOGIA,Neurología,GALICIA,LUGO,LUGO,C.H. UNIVERSITARIO DE LUGO,1,2025,2151,[2151]
NEUROLOGIA,Neurología,COMUNIDAD DE MADRID,MADRID,ALCALÁ DE HENARES,H. UNIVERSITARIO PRÍNCIPE DE ASTURIAS,1,2025,4352,[4352]
NEUROLOGIA,Neurología,COMUNIDAD DE MADRID,MADRID,ALCORCÓN,H. UNIVERSITARIO FUNDACIÓN ALCORCÓN,2,2025,4993,"[4624, 4993]"
NEUROLOGIA,Neurología,COMUNIDAD DE MADRID,MADRID,GETAFE,H. UNIVERSITARIO DE GETAFE,2,2025,4114,"[2034, 4114]"
NEUROLOGIA,Neurología,COMUNIDAD DE MADRID,MADRID,LEGANÉS,H. UNIVERSITARIO SEVERO OCHOA,2,2025,4856,"[4428, 4856]"
NEUROLOGIA,Neurología,COMUNIDAD DE MADRID,MADRID,MADRID,H. UNIVERSITARIO 12 DE OCTUBRE,4,2025,1074,"[34, 248, 572, 1074]"
NEUROLOGIA,Neurología,COMUNIDAD DE MADRID,MADRID,MADRID,H. UNIVERSITARIO CLÍNICO SAN CARLOS,5,2025,1379,"[595, 681, 1096, 1247, 1379]"
NEUROLOGIA,Neurología,COMUNIDAD DE MADRID,MADRID,MADRID,H. UNIVERSITARIO LA PAZ,5,2025,1593,"[58, 635, 1254, 1351, 1593]"
NEUROLOGIA,Neurología,COMUNIDAD DE MADRID,MADRID,MADRID,H. GENERAL UNIVERSITARIO GREGORIO MARAÑÓN,4,2025,2672,"[1948, 2076, 2624, 2672]"
NEUROLOGIA,Neurología,COMUNIDAD DE MADRID,MADRID,MADRID,H. UNIVERSITARIO FUNDACIÓN JIMÉNEZ DÍAZ,3,2025,2727,"[2085, 2613, 2727]"
NEUROLOGIA,Neurología,COMUNIDAD DE MADRID,MADRID,MADRID,H. UNIVERSITARIO RAMÓN Y CAJAL,4,2025,2994,"[548, 1675, 1776, 2994]"
NEUROLOGIA,Neurología,COMUNIDAD DE MADRID,MADRID,MADRID,H. UNIVERSITARIO DE LA PRINCESA,4,2025,3350,"[3137, 3214, 3248, 3350]"
NEUROLOGIA,Neurología,COMUNIDAD DE MADRID,MADRID,MADRID,H. CENTRAL DE LA DEFENSA GÓMEZ ULLA,1,2025,4984,[4984]
NEUROLOGIA,Neurología,COMUNIDAD DE MADRID,MADRID,MAJADAHONDA,H. UNIVERSITARIO PUERTA DE HIERRO,4,2025,3711,"[781, 2850, 3677, 3711]"
NEUROLOGIA,Neurología,COMUNIDAD DE MADRID,MADRID,MÓSTOLES,H. UNIVERSITARIO REY JUAN CARLOS,2,2025,4490,"[3948, 4490]"
NEUROLOGIA,Neurología,COMUNIDAD DE MADRID,MADRID,SAN SEBASTIÁN DE LOS REYES,H. UNIVERSITARIO INFANTA SOFÍA,1,2025,4895,[4895]
NEUROLOGIA,Neurología,COMUNIDAD DE MADRID,MADRID,TORREJÓN DE ARDOZ,H. UNIVERSITARIO DE TORREJÓN,1,2025,4994,[4994]
NEUROLOGIA,Neurología,MURCIA,MURCIA,CARTAGENA,C.H. UNIVERSITARIO STA. Mª DEL ROSELL - STA. LUCÍA DE CARTAGENA,2,2025,4293,"[4139, 4293]"
NEUROLOGIA,Neurología,MURCIA,MURCIA,MURCIA,H. GENERAL UNIVERSITARIO JOSÉ Mª MORALES MESEGUER DE MURCIA,1,2025,178,[178]
NEUROLOGIA,Neurología,MURCIA,MURCIA,MURCIA,H. CLÍNICO UNIVERSITARIO VIRGEN DE LA ARRIXACA DE MURCIA,2,2025,1968,"[233, 1968]"
NEUROLOGIA,Neurología,MURCIA,MURCIA,MURCIA,H. GENERAL UNIVERSITARIO REINA SOFÍA DE MURCIA,1,2025,3530,[3530]
NEUROLOGIA,Neurología,ANDALUCÍA,MÁLAGA,MÁLAGA,H. REGIONAL UNIVERSITARIO DE MÁLAGA,3,2025,2120,"[980, 1760, 2120]"
NEUROLOGIA,Neurología,ANDALUCÍA,MÁLAGA,MÁLAGA,H. UNIVERSITARIO VIRGEN DE LA VICTORIA,3,2025,3337,"[3182, 3337]"
NEUROLOGIA,Neurología,NAVARRA,NAVARRA,PAMPLONA / IRUÑA,H. UNIVERSITARIO DE NAVARRA,2,2025,3631,"[1557, 3631]"
NEUROLOGIA,Neurología,NAVARRA,NAVARRA,PAMPLONA / IRUÑA,CLÍNICA UNIVERSIDAD DE NAVARRA,2,2025,4040,"[3634, 4040]"
NEUROLOGIA,Neurología,GALICIA,PONTEVEDRA,VIGO,C.H. UNIVERSITARIO DE VIGO - EOXI VIGO,2,2025,598,"[253, 598]"
NEUROLOGIA,Neurología,CASTILLA Y LEÓN,SALAMANCA,SALAMANCA,COMPLEJO ASISTENCIAL UNIVERSITARIO DE SALAMANCA,2,2025,2007,"[30, 2007]"
NEUROLOGIA,Neurología,CANARIAS,SANTA CRUZ DE TENERIFE,SAN CRISTÓBAL DE LA LAGUNA,H. UNIVERSITARIO DE CANARIAS,3,2025,3828,"[3809, 3828]"
NEUROLOGIA,Neurología,CANARIAS,SANTA CRUZ DE TENERIFE,SANTA CRUZ DE TENERIFE,H. UNIVERSITARIO NUESTRA SEÑORA DE LA CANDELARIA,2,2025,3635,"[1316, 3635]"
NEUROLOGIA,Neurología,CASTILLA Y LEÓN,SEGOVIA,SEGOVIA,COMPLEJO ASISTENCIAL DE SEGOVIA,1,2025,5228,[5228]
NEUROLOGIA,Neurología,ANDALUCÍA,SEVILLA,SEVILLA,H. UNIVERSITARIO VIRGEN DEL ROCÍO,4,2025,3537,"[570, 3219, 3272, 3537]"
NEUROLOGIA,Neurología,ANDALUCÍA,SEVILLA,SEVILLA,H. UNIVERSITARIO VIRGEN MACARENA,3,2025,3891,"[2013, 2863, 3891]"
NEUROLOGIA,Neurología,ANDALUCÍA,SEVILLA,SEVILLA,H. UNIVERSITARIO NTRA. SRA. DE VALME,2,2025,4452,"[2877, 4452]"
NEUROLOGIA,Neurología,CATALUÑA,TARRAGONA,TARRAGONA,H. UNIVERSITARI DE TARRAGONA JOAN XXIII,1,2025,4924,[4924]
NEUROLOGIA,Neurología,CASTILLA LA MANCHA,TOLEDO,TALAVERA DE LA REINA,H. NUESTRA SRA. DEL PRADO,2,2025,5404,[5404]
NEUROLOGIA,Neurología,CASTILLA LA MANCHA,TOLEDO,TOLEDO,C.H. UNIVERSITARIO DE TOLEDO,2,2025,3324,"[2274, 3324]"
NEUROLOGIA,Neurología,COMUNIDAD VALENCIANA,VALENCIA,VALENCIA,H. UNIVERSITARI I POLITECNIC LA FE,3,2025,530,"[54, 351, 530]"
NEUROLOGIA,Neurología,COMUNIDAD VALENCIANA,VALENCIA,VALENCIA,H. CLÍNICO UNIVERSITARIO DE VALENCIA,2,2025,934,"[895, 934]"
NEUROLOGIA,Neurología,COMUNIDAD VALENCIANA,VALENCIA,VALENCIA,H. UNIVERSITARIO DOCTOR PESET,1,2025,947,[947]
NEUROLOGIA,Neurología,COMUNIDAD VALENCIANA,VALENCIA,VALENCIA,H. GENERAL UNIVERSITARIO DE VALENCIA,2,2025,2536,"[2173, 2536]"
NEUROLOGIA,Neurología,CASTILLA Y LEÓN,VALLADOLID,VALLADOLID,H. CLÍNICO UNIVERSITARIO DE VALLADOLID,3,2025,4488,"[355, 4488]"
NEUROLOGIA,Neurología,CASTILLA Y LEÓN,VALLADOLID,VALLADOLID,H. UNIVERSITARIO DEL RÍO HORTEGA,1,2025,5015,[5015]
NEUROLOGIA,Neurología,PAÍS VASCO,VIZCAYA,BARAKALDO,H. UNIVERSITARIO CRUCES,3,2025,3085,"[1677, 2675, 3085]"
NEUROLOGIA,Neurología,PAÍS VASCO,VIZCAYA,BILBAO,H. UNIVERSITARIO BASURTO,1,2025,1272,"[128, 1272]"
NEUROLOGIA,Neurología,PAÍS VASCO,VIZCAYA,GALDAKAO,H. GALDAKAO - USANSOLO,2,2025,3840,"[2806, 3840]"
NEUROLOGIA,Neurología,ARAGÓN,ZARAGOZA,ZARAGOZA,H. UNIVERSITARIO MIGUEL SERVET,2,2025,3210,"[1552, 3210]"
NEUROLOGIA,Neurología,ARAGÓN,ZARAGOZA,ZARAGOZA,H. CLÍNICO UNIVERSITARIO LOZANO BLESA,2,2025,3524,"[3323, 3524]"
NEUROLOGIA,Neurología,PAÍS VASCO,ÁLAVA,VITORIA - GASTEIZ,H. UNIVERSITARIO ARABA,1,2025,4681,[4681]
PSIQUIATRIA,Psiquiatría,GALICIA,A CORUÑA,A CORUÑA,UDM SALUD MENTAL DEL C.H. UNIVERSITARIO A CORUÑA,3,2025,5161,"[1725, 4708, 5161]"
PSIQUIATRIA,Psiquiatría,GALICIA,A CORUÑA,FERROL,UDM SALUD MENTAL DEL CH UNIVERSITARIO DE FERROL,2,2025,6153,[6153]
PSIQUIATRIA,Psiquiatría,GALICIA,A CORUÑA,SANTIAGO DE COMPOSTELA,UDM SALUD MENTAL DE SANTIAGO DE COMPOSTELA,4,2025,5651,"[801, 4013, 5387, 5651]"
PSIQUIATRIA,Psiquiatría,CASTILLA LA MANCHA,ALBACETE,ALBACETE,UDM SALUD MENTAL DEL ÁREA ÚNICA DE GESTIÓN DE ATENCIÓN ESPECIALIZADA DE ALBACETE,2,2025,6124,"[1966, 6124]"
PSIQUIATRIA,Psiquiatría,COMUNIDAD VALENCIANA,ALICANTE / ALACANT,ELCHE / ELX,UDM SALUD MENTAL HOSPITAL GENERAL UNIVERSITARIO ELCHE,2,2025,5067,"[5047, 5067]"
PSIQUIATRIA,Psiquiatría,COMUNIDAD VALENCIANA,ALICANTE / ALACANT,ELDA,UDM SALUD MENTAL H. GENERAL UNIVERSITARIO DE ELDA - VIRGEN DE LA SALUD,2,2025,6010,"[5553, 6010]"
PSIQUIATRIA,Psiquiatría,COMUNIDAD VALENCIANA,ALICANTE / ALACANT,ORIHUELA,UDM SALUD MENTAL HOSPITAL DE LA VEGA BAJA,1,2025,4562,[4562]
PSIQUIATRIA,Psiquiatría,COMUNIDAD VALENCIANA,ALICANTE / ALACANT,SANT JOAN D'ALACANT,UDM SALUD MENTAL DEL H. UNIVERSITARIO SANT JOAN DE ALICANTE,2,2025,3453,"[2476, 3453]"
PSIQUIATRIA,Psiquiatría,COMUNIDAD VALENCIANA,ALICANTE / ALACANT,VILLAJOYOSA / VILA JOIOSA,UDM SALUD MENTAL DEL H. MARINA BAIXA,2,2025,4542,"[4411, 4542]"
PSIQUIATRIA,Psiquiatría,ANDALUCÍA,ALMERÍA,ALMERÍA,UDM SALUD MENTAL C. H. TORRECARDENAS DE ALMERÍA,3,2025,6658,"[5626, 6551, 6658]"
PSIQUIATRIA,Psiquiatría,ANDALUCÍA,ALMERÍA,EL EJIDO,UDM SALUD MENTAL H. DE PONIENTE,1,2025,7023,[7023]
PSIQUIATRIA,Psiquiatría,ASTURIAS,ASTURIAS,AVILÉS,UDM SALUD MENTAL PRINCIPADO ASTURIAS (H. UNIVERSITARIO SAN AGUSTÍN),1,2025,4359,[4359]
PSIQUIATRIA,Psiquiatría,ASTURIAS,ASTURIAS,GIJÓN,UDM SALUD MENTAL PRINCIPADO ASTURIAS (H. UNIVERSITARIO DE CABUEÑES),2,2025,6364,"[6108, 6364]"
PSIQUIATRIA,Psiquiatría,ASTURIAS,ASTURIAS,LANGREO,UDM SALUD MENTAL PRINCIPADO ASTURIAS. H. VALLE DEL NALÓN,1,2025,7236,[7236]
PSIQUIATRIA,Psiquiatría,ASTURIAS,ASTURIAS,MIERES,UDM SALUD MENTAL PRINCIPADO ASTURIAS (H. ALVAREZ BUYLLA),1,2025,5050,[5050]
PSIQUIATRIA,Psiquiatría,ASTURIAS,ASTURIAS,OVIEDO,UDM SALUD MENTAL PRINCIPADO DE ASTURIAS (H. UNIVERSITARIO CENTRAL ASTURIAS),2,2025,2487,"[1050, 2487]"
PSIQUIATRIA,Psiquiatría,EXTREMADURA,BADAJOZ,BADAJOZ,UDM SALUD MENTAL C.H. UNIVERSITARIO DE BADAJOZ,2,2025,6682,"[6178, 6682]"
PSIQUIATRIA,Psiquiatría,EXTREMADURA,BADAJOZ,MÉRIDA,UDM SALUD MENTAL DEL C.H. DE MÉRIDA,1,2025,7249,[7249]
PSIQUIATRIA,Psiquiatría,CATALUÑA,BARCELONA,BADALONA,UDM SALUD MENTAL DEL H. UNIVERSITARI GERMANS TRIAS I PUJOL,3,2025,5109,"[544, 5109]"
PSIQUIATRIA,Psiquiatría,CATALUÑA,BARCELONA,BARCELONA,UDM SALUD MENTAL H. CLÍNIC DE BARCELONA,4,2025,3157,"[2105, 2815, 2959, 3157]"
PSIQUIATRIA,Psiquiatría,CATALUÑA,BARCELONA,BARCELONA,UDM SALUD MENTAL H. DE LA SANTA CREU I SANT PAU,4,2025,4046,"[2933, 3372, 3957, 4046]"
PSIQUIATRIA,Psiquiatría,CATALUÑA,BARCELONA,BARCELONA,H. DEL MAR - PARC DE SALUT MAR,6,2025,4423,"[1865, 2028, 3346, 3502, 3742, 4423]"
PSIQUIATRIA,Psiquiatría,CATALUÑA,BARCELONA,BARCELONA,UDM SALUD MENTAL DEL H. UNIVERSITARIO VALL D´ HEBRON,4,2025,5384,"[5107, 5126, 5310, 5384]"
PSIQUIATRIA,Psiquiatría,CATALUÑA,BARCELONA,HOSPITALET DE LLOBREGAT,H. UNIVERSITARI DE BELLVITGE,3,2025,5595,"[4932, 5532, 5595]"
PSIQUIATRIA,Psiquiatría,CATALUÑA,BARCELONA,MANRESA,UDM SALUD MENTAL FUNDACIÓN ALTHAIA XARXA ASSISTENCIAL MANRESA,2,2025,7058,"[6451, 7058]"
PSIQUIATRIA,Psiquiatría,CATALUÑA,BARCELONA,MARTORELL,UDM SALUT MENTAL FUNDACIÓ HOSPITALÀRIES MARTORELL,2,2025,7101,"[6548, 7101]"
PSIQUIATRIA,Psiquiatría,CATALUÑA,BARCELONA,MATARÓ,UDM SALUD MENTAL CONSORCI SANITARI DEL MARESME,2,2025,6057,"[5514, 6057]"
PSIQUIATRIA,Psiquiatría,CATALUÑA,BARCELONA,SABADELL,UDM SALUD MENTAL CORPORACIÓ SANITÀRIA PARC TAULÍ,3,2025,5893,"[5655, 5660, 5893]"
PSIQUIATRIA,Psiquiatría,CATALUÑA,BARCELONA,SANT BOI DE LLOBREGAT,UDM SALUD MENTAL PARC SANITARI SANT JOAN DE DÉU,5,2025,5504,"[2390, 3565, 4453, 4889, 5504]"
PSIQUIATRIA,Psiquiatría,CATALUÑA,BARCELONA,SANT BOI DE LLOBREGAT,UDM SALUD MENTAL FUNDACIÓ HOSPITALÀRIES SANT BOI,4,2025,6430,"[6084, 6205, 6300, 6430]"
PSIQUIATRIA,Psiquiatría,CATALUÑA,BARCELONA,TERRASSA,UDM DE SALUD MENTAL H. UNIVERSITARI MUTUA DE TERRASSA,2,2025,5934,"[5566, 5934]"
PSIQUIATRIA,Psiquiatría,CATALUÑA,BARCELONA,TERRASSA,UDM SALUD MENTAL CONSORCI SANITARI DE TERRASSA,2,2025,6344,"[6285, 6344]"
PSIQUIATRIA,Psiquiatría,CATALUÑA,BARCELONA,VIC,UDM SALUD MENTAL CONSORCI HOSPITALARI DE VIC,2,2025,7496,"[7173, 7496]"
PSIQUIATRIA,Psiquiatría,CASTILLA Y LEÓN,BURGOS,BURGOS,COMPLEJO ASISTENCIAL UNIVERSITARIO DE BURGOS,3,2025,7193,"[6958, 7030, 7193]"
PSIQUIATRIA,Psiquiatría,CANTABRIA,CANTABRIA,SANTANDER,UDM SALUD MENTAL H. UNIVERSITARIO MARQUÉS DE VALDECILLA,4,2025,5717,"[2386, 3104, 5717]"
PSIQUIATRIA,Psiquiatría,COMUNIDAD VALENCIANA,CASTELLÓN DE LA PLANA / CASTELLÓ DE LA PLANA,CASTELLÓN DE LA PLANA / CASTELLÓ DE LA PLANA,UDM SALUD MENTAL DEL CONSORCIO HOSPITALARIO PROVINCIAL DE CASTELLÓN,3,2025,5649,"[5355, 5533, 5649]"
PSIQUIATRIA,Psiquiatría,CASTILLA LA MANCHA,CIUDAD REAL,ALCÁZAR DE SAN JUAN,UDM SALUD MENTAL GERENCIA ATENCIÓN INTEGRADA ALCÁZAR DE S. JUAN,1,2025,7300,[7300]
PSIQUIATRIA,Psiquiatría,CASTILLA LA MANCHA,CIUDAD REAL,CIUDAD REAL,UDM SALUD MENTAL DEL H. GENERAL UNIVERSITARIO DE CIUDAD REAL,2,2025,3019,"[1154, 3019]"
PSIQUIATRIA,Psiquiatría,EXTREMADURA,CÁCERES,CÁCERES,UDM SALUD MENTAL DEL C.H. UNIVERSITARIO DE CÁCERES,2,2025,5662,"[5240, 5662]"
PSIQUIATRIA,Psiquiatría,EXTREMADURA,CÁCERES,PLASENCIA,UDM SALUD MENTAL DEL ÁREA DE SALUD DE PLASENCIA,2,2025,6299,"[3875, 6299]"
PSIQUIATRIA,Psiquiatría,ANDALUCÍA,CÁDIZ,ALGECIRAS,UDM SALUD MENTAL A.G.S CAMPO DE GIBRALTAR ( H. PUNTA DE EUROPA),2,2025,7059,"[6566, 7059]"
PSIQUIATRIA,Psiquiatría,ANDALUCÍA,CÁDIZ,CÁDIZ,UDM DE SALUD MENTAL HOSPITAL UNIVERSITARIO PUERTA DEL MAR,1,2025,6475,[6475]
PSIQUIATRIA,Psiquiatría,ANDALUCÍA,CÁDIZ,JEREZ DE LA FRONTERA,UDM SALUD MENTAL H. DE JEREZ DE LA FRONTERA,3,2025,6214,"[5537, 5975, 6214]"
PSIQUIATRIA,Psiquiatría,ANDALUCÍA,CÁDIZ,PUERTO REAL,UDM SALUD MENTAL DEL H. UNIVERSITARIO DE PUERTO REAL,2,2025,7045,"[6713, 7045]"
PSIQUIATRIA,Psiquiatría,ANDALUCÍA,CÓRDOBA,CABRA,UDM SALUD MENTAL ÁREA GESTIÓN SANITARIA SUR DE CÓRDOBA -H. INFANTA MARGARITA,1,2025,6424,[6424]
PSIQUIATRIA,Psiquiatría,ANDALUCÍA,CÓRDOBA,CÓRDOBA,UDM SALUD MENTAL H. UNIVERSITARIO REINA SOFÍA,6,2025,6352,"[5262, 5368, 5664, 5907, 5953, 6352]"
PSIQUIATRIA,Psiquiatría,CATALUÑA,GIRONA,SALT,UDM SALUD MENTAL INSTITUT D´ASSISTÈNCIA SANITÀRIA,4,2025,7452,"[2353, 6346, 6350, 7452]"
PSIQUIATRIA,Psiquiatría,ANDALUCÍA,GRANADA,BAZA,UDM SALUD MENTAL DEL HOSPITAL DE BAZA,1,2025,6696,[6696]
PSIQUIATRIA,Psiquiatría,ANDALUCÍA,GRANADA,GRANADA,UDM SALUD MENTAL H. UNIVERSITARIO SAN CECILIO DE GRANADA,3,2025,563,"[488, 563]"
PSIQUIATRIA,Psiquiatría,ANDALUCÍA,GRANADA,GRANADA,UDM SALUD MENTAL H. UNIVERSITARIO VIRGEN DE LAS NIEVES,3,2025,2332,"[1696, 1769, 2332]"
PSIQUIATRIA,Psiquiatría,ANDALUCÍA,GRANADA,MOTRIL,UDM SALUD MENTAL H. DE MOTRIL - AGS SUR GRANADA,1,2025,3386,[3386]
PSIQUIATRIA,Psiquiatría,CASTILLA LA MANCHA,GUADALAJARA,GUADALAJARA,UDM SALUD MENTAL H. UNIVERSITARIO DE GUADALAJARA,2,2025,5585,"[4752, 5585]"
PSIQUIATRIA,Psiquiatría,PAÍS VASCO,GUIPÚZCOA,DONOSTIA - SAN SEBASTIÁN,UDM SALUD MENTAL DEL H. UNIVERSITARIO DONOSTIA,3,2025,6905,"[1487, 6462, 6905]"
PSIQUIATRIA,Psiquiatría,ANDALUCÍA,HUELVA,HUELVA,UDM SALUD MENTAL DEL H. JUAN RAMÓN JIMÉNEZ,2,2025,6801,"[3937, 6801]"
PSIQUIATRIA,Psiquiatría,ARAGÓN,HUESCA,HUESCA,H. UNIVERSITARIO SAN JORGE,1,2025,7297,[7297]
PSIQUIATRIA,Psiquiatría,ILLES BALEARES,ILLES BALEARES,EIVISSA,UDM SALUD MENTAL DE LES ILLES BALEARS (H. CAN MISSES),1,2025,6468,[6468]
PSIQUIATRIA,Psiquiatría,ILLES BALEARES,ILLES BALEARES,INCA,UDM SALUD MENTAL DE LES ILLES BALEARS (H. DE INCA),1,2025,7163,[7163]
PSIQUIATRIA,Psiquiatría,ILLES BALEARES,ILLES BALEARES,MANACOR,UDM SALUD MENTAL DE LES ILLES BALEARS (H. DE MANACOR),1,2025,7301,[7301]
PSIQUIATRIA,Psiquiatría,ILLES BALEARES,ILLES BALEARES,PALMA DE MALLORCA,UDM SALUD MENTAL DE LES ILLES BALEARS (H. UNIVERSITARIO SON LLÀTZER),2,2025,6164,"[5887, 6164]"
PSIQUIATRIA,Psiquiatría,ILLES BALEARES,ILLES BALEARES,PALMA DE MALLORCA,UDM SALUD MENTAL DE LES ILLES BALEARS (H. UNIVERSITARIO SON ESPASES),2,2025,6617,"[6363, 6617]"
PSIQUIATRIA,Psiquiatría,ANDALUCÍA,JAÉN,JAÉN,UDM SALUD MENTAL DEL C.H. JAÉN,3,2025,6348,"[5777, 6289, 6348]"
PSIQUIATRIA,Psiquiatría,LA RIOJA,LA RIOJA,LOGROÑO,UDM SALUD MENTAL DEL SERVICIO RIOJANO DE SALUD,2,2025,7104,"[6919, 7104]"
PSIQUIATRIA,Psiquiatría,CANARIAS,LAS PALMAS,LAS PALMAS DE GRAN CANARIA,UDM DE SALUD MENTAL DE GRAN CANARIA. C.H. DOCTOR NEGRÍN,3,2025,5289,"[4976, 5220, 5289]"
PSIQUIATRIA,Psiquiatría,CANARIAS,LAS PALMAS,LAS PALMAS DE GRAN CANARIA,UDM DE SALUD MENTAL DE GRAN CANARIA. C.H. UNIVERSITARIO INSULAR MATERNO - INFANTIL,3,2025,5632,"[5359, 5424, 5632]"
PSIQUIATRIA,Psiquiatría,CASTILLA Y LEÓN,LEÓN,LEÓN,UDM SALUD MENTAL C. ASISTENCIAL UNIVERSITARIO DE LEÓN,2,2025,6623,"[6031, 6623]"
PSIQUIATRIA,Psiquiatría,CASTILLA Y LEÓN,LEÓN,PONFERRADA,UDM SALUD MENTAL H. EL BIERZO,1,2025,6137,[6137]
PSIQUIATRIA,Psiquiatría,CATALUÑA,LLEIDA,LLEIDA,UDM SALUD MENTAL H. UNIVERSITARI ARNAU DE VILANOVA DE LLEIDA,3,2025,7438,"[6601, 7337, 7412, 7438]"
PSIQUIATRIA,Psiquiatría,GALICIA,LUGO,LUGO,UDM SALUD MENTAL DE LUGO,2,2025,5776,"[5744, 5776]"
PSIQUIATRIA,Psiquiatría,COMUNIDAD DE MADRID,MADRID,ALCALÁ DE HENARES,UDM SALUD MENTAL DEL H. UNIVERSITARIO PRÍNCIPE DE ASTURIAS,4,2025,4616,"[3230, 4486, 4587, 4616]"
PSIQUIATRIA,Psiquiatría,COMUNIDAD DE MADRID,MADRID,ALCORCÓN,UDM SALUD MENTAL H. UNIVERSITARIO FUNDACIÓN ALCORCÓN,1,2025,5426,[5426]
PSIQUIATRIA,Psiquiatría,COMUNIDAD DE MADRID,MADRID,CIEMPOZUELOS,UDM SALUD MENTAL DEL CENTRO SAN JUAN DE DIOS DE CIEMPOZUELOS,1,2024,6360,[6360]
PSIQUIATRIA,Psiquiatría,COMUNIDAD DE MADRID,MADRID,COLLADO VILLALBA,UDM SALUD MENTAL HOSPITAL UNIVERSITARIO GENERAL DE VILLALBA,1,2025,6040,[6040]
PSIQUIATRIA,Psiquiatría,COMUNIDAD DE MADRID,MADRID,COSLADA,UDM SALUD MENTAL H. UNIVERSITARIO DEL HENARES,2,2025,5944,"[5856, 5944]"
PSIQUIATRIA,Psiquiatría,COMUNIDAD DE MADRID,MADRID,GETAFE,UDM SALUD MENTAL DEL H. UNIVERSITARIO DE GETAFE,2,2025,5377,"[4741, 5377]"
PSIQUIATRIA,Psiquiatría,COMUNIDAD DE MADRID,MADRID,LEGANÉS,UDM SALUD MENTAL INS. PSIQUIÁTRICO SERV SALUD MENTAL JOSÉ GERMAIN. LEGANÉS,3,2025,6060,"[6017, 6025, 6060]"
PSIQUIATRIA,Psiquiatría,COMUNIDAD DE MADRID,MADRID,MADRID,UDM SALUD MENTAL H. GENERAL UNIVERSITARIO GREGORIO MARAÑÓN,5,2025,2684,"[1336, 1637, 1878, 2300, 2684]"
PSIQUIATRIA,Psiquiatría,COMUNIDAD DE MADRID,MADRID,MADRID,UDM SALUD MENTAL H. UNIVERSITARIO CLÍNICO SAN CARLOS,4,2025,3185,"[2045, 2082, 2936, 3185]"
PSIQUIATRIA,Psiquiatría,COMUNIDAD DE MADRID,MADRID,MADRID,UDM SALUD MENTAL HOSPITAL UNIVERSITARIO LA PRINCESA/HOSPITAL INFANTIL UNIVERSITARIO NIÑO JESÚS,3,2025,3367,"[2691, 2971, 3367]"
PSIQUIATRIA,Psiquiatría,COMUNIDAD DE MADRID,MADRID,MADRID,UDM SALUD MENTAL H. UNIVERSITARIO RAMÓN Y CAJAL,4,2025,3646,"[988, 3543, 3558, 3646]"
PSIQUIATRIA,Psiquiatría,COMUNIDAD DE MADRID,MADRID,MADRID,UDM SALUD MENTAL DEL H. UNIVERSITARIO LA PAZ DE MADRID,5,2025,3942,"[848, 2610, 3040, 3277, 3942]"
PSIQUIATRIA,Psiquiatría,COMUNIDAD DE MADRID,MADRID,MADRID,UDM SALUD MENTAL H. UNIVERSITARIO DE FUENLABRADA,3,2025,4193,"[3301, 4193]"
PSIQUIATRIA,Psiquiatría,COMUNIDAD DE MADRID,MADRID,MADRID,UDM SALUD MENTAL DEL H. UNIVERSITARIO 12 DE OCTUBRE,4,2025,4346,"[3132, 3665, 4094, 4346]"
PSIQUIATRIA,Psiquiatría,COMUNIDAD DE MADRID,MADRID,MADRID,UDM SALUD MENTAL DE LA FUNDACIÓN JIMÉNEZ DÍAZ,4,2025,4388,"[3559, 3949, 4381, 4388]"
PSIQUIATRIA,Psiquiatría,COMUNIDAD DE MADRID,MADRID,MADRID,UDM SALUD MENTAL DEL H. UNIVERSITARIO INFANTA LEONOR,3,2025,4617,"[3895, 4545, 4617]"
PSIQUIATRIA,Psiquiatría,COMUNIDAD DE MADRID,MADRID,MADRID,UDM SALUD MENTAL H. DR. RODRÍGUEZ LAFORA,4,2025,5843,"[4971, 5555, 5677, 5843]"
PSIQUIATRIA,Psiquiatría,COMUNIDAD DE MADRID,MADRID,MAJADAHONDA,UDM SALUD MENTAL DEL H. UNIVERSITARIO PUERTA DE HIERRO,4,2025,4313,"[3444, 4020, 4216, 4313]"
PSIQUIATRIA,Psiquiatría,COMUNIDAD DE MADRID,MADRID,MÓSTOLES,UDM SALUD MENTAL H. UNIVERSITARIO REY JUAN CARLOS,2,2025,5171,"[4710, 5171]"
PSIQUIATRIA,Psiquiatría,COMUNIDAD DE MADRID,MADRID,MÓSTOLES,H. UNIVERSITARIO DE MÓSTOLES,2,2025,5492,"[4478, 5492]"
PSIQUIATRIA,Psiquiatría,COMUNIDAD DE MADRID,MADRID,PARLA,UDM SALUD MENTAL H. UNIVERSITARIO INFANTA CRISTINA DE PARLA,2,2025,5964,"[5564, 5964]"
PSIQUIATRIA,Psiquiatría,COMUNIDAD DE MADRID,MADRID,SAN SEBASTIÁN DE LOS REYES,UDM SALUD MENTAL DEL H. UNIVERSITARIO INFANTA SOFÍA,1,2025,5273,[5273]
PSIQUIATRIA,Psiquiatría,COMUNIDAD DE MADRID,MADRID,VALDEMORO,UDM SALUD MENTAL DEL H. UNIVERSITARIO INFANTA ELENA,1,2025,4037,[4037]
PSIQUIATRIA,Psiquiatría,MURCIA,MURCIA,CARTAGENA,UDM SALUD MENTAL REGIÓN DE MURCIA C.H. UNIVERSITARIO STA. Mª DEL ROSELL - STA. LUCIA DE CARTAGENA,1,2025,4418,[4418]
PSIQUIATRIA,Psiquiatría,MURCIA,MURCIA,LORCA,UDM SALUD MENTAL REGIÓN DE MURCIA. H. UNIVERSITARIO RAFAEL MÉNDEZ DE LORCA,1,2025,3960,[3960]
PSIQUIATRIA,Psiquiatría,MURCIA,MURCIA,MURCIA,UDM SALUD MENTAL REGIÓN DE MURCIA. H. CLINICO UNIVERSITARIO VIRGEN DE LA ARRIXACA DE MURCIA,2,2025,1276,"[821, 1276]"
PSIQUIATRIA,Psiquiatría,MURCIA,MURCIA,MURCIA,UDM SALUD MENTAL REGIÓN DE MURCIA. H. GENERAL UNIVERSITARIO J.Mª MORALES MESEGUER DE MURCIA,1,2025,2434,[2434]
PSIQUIATRIA,Psiquiatría,MURCIA,MURCIA,MURCIA,UDM SALUD MENTAL DE LA REGIÓN DE MURCIA. H. GENERAL UNIVERSITARIO REINA SOFÍA DE MURCIA,3,2025,4399,"[2821, 4191, 4399]"
PSIQUIATRIA,Psiquiatría,ANDALUCÍA,MÁLAGA,MÁLAGA,UDM SALUD MENTAL DEL H. REGIONAL UNIVERSITARIO DE MÁLAGA,4,2025,5148,"[1350, 4795, 5121, 5148]"
PSIQUIATRIA,Psiquiatría,ANDALUCÍA,MÁLAGA,MÁLAGA,UDM SALUD MENTAL DEL H. UNIVERSITARIO VIRGEN DE LA VICTORIA,6,2025,6228,"[843, 5278, 5643, 6052, 6136, 6228]"
PSIQUIATRIA,Psiquiatría,ANDALUCÍA,MÁLAGA,MÁLAGA,UDM SALUD MENTAL ÁREA DE GESTIÓN SANITARIA ESTE DE MÁLAGA - AXARQUÍA,1,2025,6554,[6554]
PSIQUIATRIA,Psiquiatría,NAVARRA,NAVARRA,PAMPLONA / IRUÑA,CLÍNICA UNIVERSIDAD DE NAVARRA,2,2025,5165,"[1519, 5165]"
PSIQUIATRIA,Psiquiatría,NAVARRA,NAVARRA,PAMPLONA / IRUÑA,UDM SALUD MENTAL DE NAVARRA,3,2025,6533,"[4360, 6506, 6533]"
PSIQUIATRIA,Psiquiatría,GALICIA,OURENSE,OURENSE,UDM SALUD MENTAL C. H. DE OURENSE,3,2025,7122,"[6976, 6994, 7122]"
PSIQUIATRIA,Psiquiatría,CASTILLA Y LEÓN,PALENCIA,PALENCIA,UDM SALUD MENTAL DEL COMPLEJO ASISTENCIAL UNIVERSITARIO DE PALENCIA,1,2025,7294,[7294]
PSIQUIATRIA,Psiquiatría,GALICIA,PONTEVEDRA,PONTEVEDRA,UDM SALUD MENTAL DE PONTEVEDRA,1,2025,3796,[3796]
PSIQUIATRIA,Psiquiatría,GALICIA,PONTEVEDRA,VIGO,UDM SALUD MENTAL C.H. UNIVERSITARIO DE VIGO - EOXI VIGO,4,2025,5534,"[2876, 4328, 5193, 5534]"
PSIQUIATRIA,Psiquiatría,CASTILLA Y LEÓN,SALAMANCA,SALAMANCA,UDM SALUD MENTAL COMPLEJO ASISTENCIAL UNIVERSITARIO DE SALAMANCA,3,2025,6263,"[5815, 5977, 6263]"
PSIQUIATRIA,Psiquiatría,CANARIAS,SANTA CRUZ DE TENERIFE,SAN CRISTÓBAL DE LA LAGUNA,UDM SALUD MENTAL DE TENERIFE. H. UNIVERSITARIO DE CANARIAS,3,2025,5039,"[4789, 4902, 5039]"
PSIQUIATRIA,Psiquiatría,CANARIAS,SANTA CRUZ DE TENERIFE,SANTA CRUZ DE TENERIFE,UDM SALUD MENTAL TENERIFE. H. UNIVERSITARIO NTRA. SRA. DE LA CANDELARIA,3,2025,4663,"[3413, 3725, 4663]"
PSIQUIATRIA,Psiquiatría,CASTILLA Y LEÓN,SEGOVIA,SEGOVIA,UDM SALUD MENTAL COMPLEJO ASISTENCIAL DE SEGOVIA,1,2025,5100,[5100]
PSIQUIATRIA,Psiquiatría,ANDALUCÍA,SEVILLA,OSUNA,ÁREA SANITARIA DE OSUNA - H. DE LA MERCED,1,2025,6335,[6335]
PSIQUIATRIA,Psiquiatría,ANDALUCÍA,SEVILLA,SEVILLA,UDM SALUD MENTAL H. UNIVERSITARIO VIRGEN DE LA MACARENA,4,2025,3785,"[1542, 1575, 2992, 3785]"
PSIQUIATRIA,Psiquiatría,ANDALUCÍA,SEVILLA,SEVILLA,UDM SALUD MENTAL H. UNIVERSITARIO VIRGEN DEL ROCÍO,5,2025,5225,"[1123, 4740, 4887, 5156, 5225]"
PSIQUIATRIA,Psiquiatría,ANDALUCÍA,SEVILLA,SEVILLA,UDM SALUD MENTAL DEL H. UNIVERSITARIO NTRA SRA. DE VALME,2,2025,5247,"[4045, 5247]"
PSIQUIATRIA,Psiquiatría,CASTILLA Y LEÓN,SORIA,SORIA,UDM SALUD MENTAL COMPLEJO ASISTENCIAL DE SORIA,1,2025,7244,[7244]
PSIQUIATRIA,Psiquiatría,CATALUÑA,TARRAGONA,REUS,UDM SALUD MENTAL INSTITUT PERE MATA,4,2025,7369,"[6396, 6783, 7293, 7369]"
PSIQUIATRIA,Psiquiatría,ARAGÓN,TERUEL,TERUEL,UDM SALUD MENTAL DEL H. GENERAL OBISPO POLANCO,1,2025,6794,[6794]
PSIQUIATRIA,Psiquiatría,CASTILLA LA MANCHA,TOLEDO,TALAVERA DE LA REINA,UDM SALUD MENTAL H. NTRA. SRA. DEL PRADO DE TALAVERA DE LA REINA,1,2025,7242,[7242]
PSIQUIATRIA,Psiquiatría,CASTILLA LA MANCHA,TOLEDO,TOLEDO,UDM SALUD MENTAL C.H. UNIVERSITARIO DE TOLEDO,2,2025,6412,"[6086, 6412]"
PSIQUIATRIA,Psiquiatría,COMUNIDAD VALENCIANA,VALENCIA,ALZIRA,UDM SALUD MENTAL DEL H. UNIVERSITARIO LA RIBERA,2,2025,6337,[6337]
PSIQUIATRIA,Psiquiatría,COMUNIDAD VALENCIANA,VALENCIA,GANDÍA,UDM SALUD MENTAL H. FRANCESC DE BORJA,1,2025,4543,[4543]
PSIQUIATRIA,Psiquiatría,COMUNIDAD VALENCIANA,VALENCIA,VALENCIA,UDM SALUD MENTAL DEL H. UNIVERSITARIO DOCTOR PESET,2,2025,2046,"[1006, 2046]"
PSIQUIATRIA,Psiquiatría,COMUNIDAD VALENCIANA,VALENCIA,VALENCIA,UDM SALUD MENTAL DEL H. UNIVERSITARI I POLITÈCNIC LA FE,3,2025,2363,"[879, 1971, 2363]"
PSIQUIATRIA,Psiquiatría,COMUNIDAD VALENCIANA,VALENCIA,VALENCIA,UDM SALUD MENTAL DEL H. CLÍNICO UNIVERSITARIO DE VALENCIA,3,2025,3466,"[2126, 2973, 3466]"
PSIQUIATRIA,Psiquiatría,COMUNIDAD VALENCIANA,VALENCIA,VALENCIA,UDM SALUD MENTAL DEL HOSPITAL GENERAL UNIVERSITARIO DE VALENCIA,2,2025,3900,"[1601, 3900]"
PSIQUIATRIA,Psiquiatría,COMUNIDAD VALENCIANA,VALENCIA,VALENCIA,H. ARNAU DE VILANOVA,2,2025,4996,"[3981, 4996]"
PSIQUIATRIA,Psiquiatría,COMUNIDAD VALENCIANA,VALENCIA,XÀTIVA,H. LLUIS ALCANYIS,1,2025,6415,[6415]
PSIQUIATRIA,Psiquiatría,CASTILLA Y LEÓN,VALLADOLID,VALLADOLID,UDM SALUD MENTAL DEL H. CLÍNICO UNIVERSITARIO DE VALLADOLID:,2,2025,6235,"[5124, 6235]"
PSIQUIATRIA,Psiquiatría,CASTILLA Y LEÓN,VALLADOLID,VALLADOLID,H. UNIVERSITARIO DEL RÍO HORTEGA,2,2025,6245,"[1118, 6245]"
PSIQUIATRIA,Psiquiatría,PAÍS VASCO,VIZCAYA,BARAKALDO,UDM SALUD MENTAL DEL H. UNIVERSITARIO CRUCES,3,2025,2556,"[122, 713, 2556]"
PSIQUIATRIA,Psiquiatría,PAÍS VASCO,VIZCAYA,BILBAO,UDM SALUD MENTAL DEL H. UNIVERSITARIO BASURTO,3,2025,4715,"[3238, 3701, 4715]"
PSIQUIATRIA,Psiquiatría,PAÍS VASCO,VIZCAYA,GALDAKAO,UDM SALUD MENTAL DEL H. GALDAKAO - USANSOLO,2,2025,4804,"[3162, 4804]"
PSIQUIATRIA,Psiquiatría,PAÍS VASCO,VIZCAYA,ZAMUDIO,UDM RED SALUD MENTAL DE BIZKAIA,4,2025,6434,"[2112, 4324, 5690, 6434]"
PSIQUIATRIA,Psiquiatría,CASTILLA Y LEÓN,ZAMORA,ZAMORA,UDM SALUD MENTAL DEL COMPLEJO ASISTENCIAL DE ZAMORA,2,2025,6529,"[347, 6529]"
PSIQUIATRIA,Psiquiatría,ARAGÓN,ZARAGOZA,ZARAGOZA,UDM SALUD MENTAL H. UNIVERSITARIO MIGUEL SERVET,3,2025,3289,"[2671, 2798, 3289]"
PSIQUIATRIA,Psiquiatría,ARAGÓN,ZARAGOZA,ZARAGOZA,H. CLÍNICO UNIVERSITARIO LOZANO BLESA,3,2025,4674,"[3945, 4127, 4674]"
PSIQUIATRIA,Psiquiatría,ARAGÓN,ZARAGOZA,ZARAGOZA,UDM SALUD MENTAL H. ROYO VILLANOVA,1,2025,4757,[4757]
PSIQUIATRIA,Psiquiatría,ARAGÓN,ZARAGOZA,ZARAGOZA,CENTRO DE REHABILITACIÓN PSICOSOCIAL NTRA. SRA. DEL PILAR,1,2025,6385,[6385]
PSIQUIATRIA,Psiquiatría,PAÍS VASCO,ÁLAVA,VITORIA - GASTEIZ,UDM SALUD MENTAL DEL H. UNIVERSITARIO DE ARABA,3,2025,7239,"[7068, 7227, 7239]"
PSIQUIATRIA,Psiquiatría,CASTILLA Y LEÓN,ÁVILA,ÁVILA,UDM SALUD MENTAL DEL COMPLEJO ASISTENCIAL DE ÁVILA,1,2025,6543,[6543]
PSIQUIATRIA INFANTIL Y DE LA ADOLESCENCIA,Psiquiatría Infantojuvenil,GALICIA,A CORUÑA,SANTIAGO DE COMPOSTELA,UDM SALUD MENTAL DE SANTIAGO DE COMPOSTELA,1,2025,625,[625]
PSIQUIATRIA INFANTIL Y DE LA ADOLESCENCIA,Psiquiatría Infantojuvenil,COMUNIDAD VALENCIANA,ALICANTE / ALACANT,ORIHUELA,UDM SALUD MENTAL HOSPITAL DE LA VEGA BAJA,1,2025,5420,[5420]
PSIQUIATRIA INFANTIL Y DE LA ADOLESCENCIA,Psiquiatría Infantojuvenil,ASTURIAS,ASTURIAS,OVIEDO,UDM SALUD MENTAL PRINCIPADO DE ASTURIAS (H. UNIVERSITARIO CENTRAL ASTURIAS),1,2025,3465,[3465]
PSIQUIATRIA INFANTIL Y DE LA ADOLESCENCIA,Psiquiatría Infantojuvenil,EXTREMADURA,BADAJOZ,BADAJOZ,UDM SALUD MENTAL C.H. UNIVERSITARIO DE BADAJOZ,1,2025,5959,[5959]
PSIQUIATRIA INFANTIL Y DE LA ADOLESCENCIA,Psiquiatría Infantojuvenil,CATALUÑA,BARCELONA,BADALONA,UDM SALUD MENTAL DEL H. UNIVERSITARI GERMANS TRIAS I PUJOL,1,,,[]
PSIQUIATRIA INFANTIL Y DE LA ADOLESCENCIA,Psiquiatría Infantojuvenil,CATALUÑA,BARCELONA,BARCELONA,UDM SALUD MENTAL H. CLÍNIC DE BARCELONA,3,2025,5188,"[4233, 4891, 5188]"
PSIQUIATRIA INFANTIL Y DE LA ADOLESCENCIA,Psiquiatría Infantojuvenil,CATALUÑA,BARCELONA,MANRESA,UDM SALUD MENTAL FUNDACIÓN ALTHAIA XARXA ASSISTENCIAL MANRESA,1,,,[]
PSIQUIATRIA INFANTIL Y DE LA ADOLESCENCIA,Psiquiatría Infantojuvenil,CATALUÑA,BARCELONA,MATARÓ,UDM SALUD MENTAL CONSORCI SANITARI DEL MARESME,1,2025,4833,[4833]
PSIQUIATRIA INFANTIL Y DE LA ADOLESCENCIA,Psiquiatría Infantojuvenil,CATALUÑA,BARCELONA,SABADELL,UDM SALUD MENTAL CORPORACIÓ SANITÀRIA PARC TAULÍ,2,2025,5474,"[5354, 5474]"
PSIQUIATRIA INFANTIL Y DE LA ADOLESCENCIA,Psiquiatría Infantojuvenil,CATALUÑA,BARCELONA,SANT BOI DE LLOBREGAT,UDM SALUD MENTAL PARC SANITARI SANT JOAN DE DÉU,4,2025,5272,"[1145, 3689, 5034, 5272]"
PSIQUIATRIA INFANTIL Y DE LA ADOLESCENCIA,Psiquiatría Infantojuvenil,CATALUÑA,BARCELONA,TERRASSA,UDM DE SALUD MENTAL H. UNIVERSITARI MUTUA DE TERRASSA,1,2025,5981,[5981]
PSIQUIATRIA INFANTIL Y DE LA ADOLESCENCIA,Psiquiatría Infantojuvenil,CANTABRIA,CANTABRIA,SANTANDER,UDM SALUD MENTAL H. UNIVERSITARIO MARQUÉS DE VALDECILLA,1,,,[]
PSIQUIATRIA INFANTIL Y DE LA ADOLESCENCIA,Psiquiatría Infantojuvenil,COMUNIDAD VALENCIANA,CASTELLÓN DE LA PLANA / CASTELLÓ DE LA PLANA,CASTELLÓN DE LA PLANA / CASTELLÓ DE LA PLANA,UDM SALUD MENTAL DEL CONSORCIO HOSPITALARIO PROVINCIAL DE CASTELLÓN,1,2025,5530,[5530]
PSIQUIATRIA INFANTIL Y DE LA ADOLESCENCIA,Psiquiatría Infantojuvenil,CASTILLA LA MANCHA,CIUDAD REAL,CIUDAD REAL,UDM SALUD MENTAL DEL H. GENERAL UNIVERSITARIO DE CIUDAD REAL,1,2025,7187,[7187]
PSIQUIATRIA INFANTIL Y DE LA ADOLESCENCIA,Psiquiatría Infantojuvenil,ANDALUCÍA,CÓRDOBA,CÓRDOBA,UDM SALUD MENTAL H. UNIVERSITARIO REINA SOFÍA,1,2025,5873,[5873]
PSIQUIATRIA INFANTIL Y DE LA ADOLESCENCIA,Psiquiatría Infantojuvenil,CATALUÑA,GIRONA,SALT,UDM SALUD MENTAL INSTITUT D´ASSISTÈNCIA SANITÀRIA,1,2025,7617,[7617]
PSIQUIATRIA INFANTIL Y DE LA ADOLESCENCIA,Psiquiatría Infantojuvenil,ANDALUCÍA,GRANADA,GRANADA,UDM SALUD MENTAL H. UNIVERSITARIO VIRGEN DE LAS NIEVES,1,,,[]
PSIQUIATRIA INFANTIL Y DE LA ADOLESCENCIA,Psiquiatría Infantojuvenil,PAÍS VASCO,GUIPÚZCOA,DONOSTIA - SAN SEBASTIÁN,UDM SALUD MENTAL DEL H. UNIVERSITARIO DONOSTIA,1,2025,6923,[6923]
PSIQUIATRIA INFANTIL Y DE LA ADOLESCENCIA,Psiquiatría Infantojuvenil,ILLES BALEARES,ILLES BALEARES,PALMA DE MALLORCA,UDM SALUD MENTAL DE LES ILLES BALEARS (H. UNIVERSITARIO SON ESPASES),1,2025,5080,[5080]
PSIQUIATRIA INFANTIL Y DE LA ADOLESCENCIA,Psiquiatría Infantojuvenil,CANARIAS,LAS PALMAS,LAS PALMAS DE GRAN CANARIA,UDM DE SALUD MENTAL DE GRAN CANARIA. C.H. UNIVERSITARIO INSULAR MATERNO - INFANTIL,1,2025,4081,[4081]
PSIQUIATRIA INFANTIL Y DE LA ADOLESCENCIA,Psiquiatría Infantojuvenil,CATALUÑA,LLEIDA,LLEIDA,UDM SALUD MENTAL H. UNIVERSITARI ARNAU DE VILANOVA DE LLEIDA,1,2025,2665,[2665]
PSIQUIATRIA INFANTIL Y DE LA ADOLESCENCIA,Psiquiatría Infantojuvenil,COMUNIDAD DE MADRID,MADRID,MADRID,UDM SALUD MENTAL DEL H. UNIVERSITARIO LA PAZ DE MADRID,1,2025,752,[752]
PSIQUIATRIA INFANTIL Y DE LA ADOLESCENCIA,Psiquiatría Infantojuvenil,COMUNIDAD DE MADRID,MADRID,MADRID,UDM SALUD MENTAL H. UNIVERSITARIO CLÍNICO SAN CARLOS,1,2025,1957,[1957]
PSIQUIATRIA INFANTIL Y DE LA ADOLESCENCIA,Psiquiatría Infantojuvenil,COMUNIDAD DE MADRID,MADRID,MADRID,UDM SALUD MENTAL H. GENERAL UNIVERSITARIO GREGORIO MARAÑÓN,2,2025,2500,"[1383, 2500]"
PSIQUIATRIA INFANTIL Y DE LA ADOLESCENCIA,Psiquiatría Infantojuvenil,COMUNIDAD DE MADRID,MADRID,MADRID,UDM SALUD MENTAL HOSPITAL UNIVERSITARIO LA PRINCESA/HOSPITAL INFANTIL UNIVERSITARIO NIÑO JESÚS,2,2025,3434,"[2913, 3434]"
PSIQUIATRIA INFANTIL Y DE LA ADOLESCENCIA,Psiquiatría Infantojuvenil,COMUNIDAD DE MADRID,MADRID,MADRID,UDM SALUD MENTAL DEL H. UNIVERSITARIO 12 DE OCTUBRE,1,2025,4957,[4957]
PSIQUIATRIA INFANTIL Y DE LA ADOLESCENCIA,Psiquiatría Infantojuvenil,COMUNIDAD DE MADRID,MADRID,MADRID,UDM SALUD MENTAL DEL H. UNIVERSITARIO INFANTA LEONOR,1,2025,4967,[4967]
PSIQUIATRIA INFANTIL Y DE LA ADOLESCENCIA,Psiquiatría Infantojuvenil,COMUNIDAD DE MADRID,MADRID,MAJADAHONDA,UDM SALUD MENTAL DEL H. UNIVERSITARIO PUERTA DE HIERRO,1,2025,3702,[3702]
PSIQUIATRIA INFANTIL Y DE LA ADOLESCENCIA,Psiquiatría Infantojuvenil,MURCIA,MURCIA,MURCIA,UDM SALUD MENTAL REGIÓN DE MURCIA. H. CLINICO UNIVERSITARIO VIRGEN DE LA ARRIXACA DE MURCIA,1,2025,2658,[2658]
PSIQUIATRIA INFANTIL Y DE LA ADOLESCENCIA,Psiquiatría Infantojuvenil,ANDALUCÍA,MÁLAGA,MÁLAGA,UDM SALUD MENTAL DEL H. UNIVERSITARIO VIRGEN DE LA VICTORIA,1,2025,4238,[4238]
PSIQUIATRIA INFANTIL Y DE LA ADOLESCENCIA,Psiquiatría Infantojuvenil,ANDALUCÍA,MÁLAGA,MÁLAGA,UDM SALUD MENTAL DEL H. REGIONAL UNIVERSITARIO DE MÁLAGA,1,2025,5064,[5064]
PSIQUIATRIA INFANTIL Y DE LA ADOLESCENCIA,Psiquiatría Infantojuvenil,NAVARRA,NAVARRA,PAMPLONA / IRUÑA,UDM SALUD MENTAL DE NAVARRA,1,2025,6826,[6826]
PSIQUIATRIA INFANTIL Y DE LA ADOLESCENCIA,Psiquiatría Infantojuvenil,GALICIA,PONTEVEDRA,VIGO,UDM SALUD MENTAL C.H. UNIVERSITARIO DE VIGO - EOXI VIGO,1,2025,5672,[5672]
PSIQUIATRIA INFANTIL Y DE LA ADOLESCENCIA,Psiquiatría Infantojuvenil,CANARIAS,SANTA CRUZ DE TENERIFE,SAN CRISTÓBAL DE LA LAGUNA,UDM SALUD MENTAL DE TENERIFE. H. UNIVERSITARIO DE CANARIAS,1,2025,6149,[6149]
PSIQUIATRIA INFANTIL Y DE LA ADOLESCENCIA,Psiquiatría Infantojuvenil,ANDALUCÍA,SEVILLA,SEVILLA,UDM SALUD MENTAL H. UNIVERSITARIO VIRGEN DEL ROCÍO,1,2025,1839,[1839]
PSIQUIATRIA INFANTIL Y DE LA ADOLESCENCIA,Psiquiatría Infantojuvenil,ANDALUCÍA,SEVILLA,SEVILLA,UDM SALUD MENTAL H. UNIVERSITARIO VIRGEN DE LA MACARENA,1,2025,5276,[5276]
PSIQUIATRIA INFANTIL Y DE LA ADOLESCENCIA,Psiquiatría Infantojuvenil,CATALUÑA,TARRAGONA,REUS,UDM SALUD MENTAL INSTITUT PERE MATA,2,2025,7557,"[6825, 7557]"
PSIQUIATRIA INFANTIL Y DE LA ADOLESCENCIA,Psiquiatría Infantojuvenil,COMUNIDAD VALENCIANA,VALENCIA,VALENCIA,UDM SALUD MENTAL DEL H. UNIVERSITARI I POLITÈCNIC LA FE,1,2025,3432,[3432]
PSIQUIATRIA INFANTIL Y DE LA ADOLESCENCIA,Psiquiatría Infantojuvenil,CASTILLA Y LEÓN,VALLADOLID,VALLADOLID,UDM SALUD MENTAL DEL H. CLÍNICO UNIVERSITARIO DE VALLADOLID:,1,2025,5688,[5688]
PSIQUIATRIA INFANTIL Y DE LA ADOLESCENCIA,Psiquiatría Infantojuvenil,PAÍS VASCO,VIZCAYA,BILBAO,UDM SALUD MENTAL DEL H. UNIVERSITARIO BASURTO,1,2025,4379,[4379]
PSIQUIATRIA INFANTIL Y DE LA ADOLESCENCIA,Psiquiatría Infantojuvenil,PAÍS VASCO,VIZCAYA,ZAMUDIO,UDM RED SALUD MENTAL DE BIZKAIA,1,2025,6767,[6767]
PSIQUIATRIA INFANTIL Y DE LA ADOLESCENCIA,Psiquiatría Infantojuvenil,ARAGÓN,ZARAGOZA,ZARAGOZA,UDM SALUD MENTAL H. ROYO VILLANOVA,1,2025,4196,[4196]
PSIQUIATRIA INFANTIL Y DE LA ADOLESCENCIA,Psiquiatría Infantojuvenil,PAÍS VASCO,ÁLAVA,VITORIA - GASTEIZ,UDM SALUD MENTAL DEL H. UNIVERSITARIO DE ARABA,1,2025,6362,[6362]
